transactionId,userId,amount,log_amount,hour,dow,is_night,cnt_60s,cnt_300s,cnt_3600s,cnt_86400s,sum_60s,sum_300s,sum_3600s,sum_86400s,is_new_device,is_new_payee,is_new_city,mean_amt_30d,std_amt_30d,z_amt_30d,ch_mobile,ch_ussd,ch_web,is_fraud
TXN1002,user_123,5000.0,8.517393171418904,2,2,1,0,0,0,0,0.0,0.0,0.0,0.0,0,1,1,,,,True,False,False,1
TXN1004,user_123,1000.0,6.90875477931522,2,2,1,0,0,1,1,0.0,0.0,5000.0,5000.0,0,0,0,5000.0,0.0,,True,False,False,1
TXN1001,user_123,2500.0,7.824445930877619,14,2,0,0,0,0,2,0.0,0.0,0.0,6000.0,0,1,1,3000.0,2828.42712474619,-0.17677669529663687,False,False,True,0
TXN1005,user_456,1800.0,7.496097345175956,11,3,0,0,0,0,0,0.0,0.0,0.0,0.0,0,1,1,,,,True,False,False,0
TXN1006,user_456,95000.0,11.461642696843066,23,3,1,0,0,0,1,0.0,0.0,0.0,1800.0,0,1,1,1800.0,0.0,,False,False,True,1
TXN1003,user_987,45000.0,10.714439990727769,15,2,0,0,0,0,0,0.0,0.0,0.0,0.0,0,1,1,,,,False,False,True,0
TXN1007,user_987,2200.0,7.696667081526462,9,4,0,0,0,0,0,0.0,0.0,0.0,0.0,0,1,0,45000.0,0.0,,False,True,False,0
TXN1008,user_987,2300.0,7.741099090035366,9,4,0,1,1,1,1,2200.0,2200.0,2200.0,2200.0,0,0,0,23600.0,30264.170234784233,-0.7038025438912833,False,True,False,0
